Year_of_prod,Season,Episode_Title,Duration,Summary,Director,Stars,Votes
2001,7,The One with All the Cheesecakes,22,Chandler refuses to give back a cheesecake accidentally delivered to his apartment; Phoebe gets angry with Joey when he blows off dinner with her for a date.,Gary Halvorson,8.6,2936
2001,7,The One Where They're Up All Night,22,"After the gang head up to the roof to see a passing comet, separate events unfold that lead to them all having a sleepless night.",Kevin Bright,8.7,2983
2001,7,The One Where Rosita Dies,22,Rachel breaks Joey's armchair. Phoebe takes a temp job in a call centre. Ross and Monica find out their parents are selling their childhood home.,Stephen Prime,8.4,2819
2001,7,The One Where They All Turn Thirty,22,Rachel's 30th birthday prompts the rest of the gang to reminisce about their own 30th celebrations.,Ben Weiss,8.6,2976
2001,7,The One with Joey's New Brain,22,"Joey gets an opportunity to rejoin ""Days of Our Lives"" when his comatose character is implanted with the brain of a female character. Joey approaches her to get some advice on how to play ...                See full summary »",Kevin Bright,8.4,2896
2001,7,The One with the Truth About London,22,"Chandler is shocked to find out who Monica really wanted to sleep with the night they first got together. Meanwhile, Rachel gets into trouble with Ross when she teaches Ben practical jokes.",David Schwimmer,8.7,2961
2001,7,The One with the Cheap Wedding Dress,22,"Monica takes the other girls to an overpriced store to choose her wedding dress, briefing them as if they were in the military since bargain-hunters are far more ruthless then Rachel can ...                See full summary »",Kevin Bright,8.4,2758
2001,7,The One with Joey's Award,22,Joey is nominated for a Soapy Award for his part on Days of Our Lives and Rachel is his date to the ceremony. Joey doesn't win the award but takes someone else's award home. Rachel ...                See full summary »,Gary Halvorson,8.4,2793
2001,7,The One with Ross and Monica's Cousin,22,Joey auditions for a naked role in a big movie; Rachel and Phoebe plan Monica's wedding shower; Ross becomes attracted to his cousin after she visits.,Gary Halvorson,8.7,3155
2001,7,The One with Rachel's Big Kiss,22,Rachel's college friend can't remember a scandalous kiss from the past; Chandler and Ross argue for possession of Val Kilmer's tuxedo.,Gary Halvorson,8.4,2894
2001,7,The One with the Vows,22,"Monica and Chandler are getting married in four weeks and have to write their vows, but neither has a clue what to say, so they reflect on their past.",Gary Halvorson,7.5,2832
2001,7,The One with Chandler's Dad,22,Ross and Rachel hit the freeway together when Monica's Porsche shows up again; Chandler and Monica go off to Vegas to find Chandler's estranged dad.,Kevin Bright,8.4,2822
2001,7,The One with Monica and Chandler's Wedding: Part 1,22,"So close to the wedding, Chandler suddenly realizes the overwhelming meaning of getting married. Meanwhile, Joey acts opposite a famous actor in a movie, but can't bring himself to tell him that he spits when he says his lines.",Kevin Bright,8.9,3178
2001,7,The One with Monica and Chandler's Wedding: Part 2,22,Ross tries to find Chandler with Phoebe's help. Meanwhile Rachel tries to hinder Monica.,Kevin Bright,9.2,3563
2001,8,The One After I Do,22,The gang learns that Rachel is pregnant; Joey tries to impress a Broadway director who's dating Chandler's mom; Chandler's shoes make it hard for him to dance.,Kevin Bright,8.7,3005
2001,8,The One with the Red Sweater,22,"Monica, Phoebe and Joey advise Rachel to tell the father about the pregnancy. Chandler and Ross lose the wedding photos.",David Schwimmer,9.1,3470
2001,8,The One Where Rachel Tells...,22,"Even on their honeymoon, Monica is pushy, and is annoyed that Chandler won't jump the line at the airport check-in - especially after the couple in front of them, also on their honeymoon, ...                See full summary »",Sheldon Epps,8.7,2858
2001,8,The One with the Videotape,22,"Ross and Rachel tell everyone about the night they were together. They have two different stories of how it happened until Ross accidentally reveals that he videotaped it. Not surprisingly, everyone wants to see it.",Kevin Bright,9.3,4114
2001,8,The One with Rachel's Date,22,"Phoebe dates Monica's sous-chef Tim and Monica doesn't fire him for Phoebe's sake. When Phoebe decides to dump Tim, Monica can finally fire him. Rachel has a date with Kash, a co-star on ...                See full summary »",Gary Halvorson,8.1,2703
2001,8,The One with the Halloween Party,22,Monica and Chandler are having a costume party for Halloween. Phoebe bumps into Ursula who is getting married in a week and invites her in return for Ursula's invitation for the wedding. ...                See full summary »,Gary Halvorson,8.5,2969
2001,8,The One with the Stain,22,"Chandler hires a maid, whom Monica suspects is stealing her clothing; Eric has trouble forgetting Ursula when he breaks up with her to date Phoebe.",Kevin Bright,7.9,2766
2001,8,The One with the Stripper,22,"Chandler finds out that Monica had a bachelorette party with a stripper, even though they promised not to have bachelor/bachelorette parties. Rachel takes Phoebe along to dinner with ...                See full summary »",David Schwimmer,8.8,3082
2001,8,The One with the Rumor,22,"Monica invites Will, an old school friend of her and Ross over for Thanksgiving dinner, unaware he isn't too fond of Rachel.",Gary Halvorson,9.3,5291
2001,8,The One with Monica's Boots,22,"Monica's expensive new boots hurt her feet, but she's determined to prove to Chandler that her purchase was worth it; Ben goes to school with Sting's son.",Kevin Bright,8.1,2765
2001,8,The One with Ross's Step Forward,22,"Joey wants to take Rachel to dinner on a pretend date to practice his dating skills, but soon develops romantic feelings for her; Monica, Phoebe, and Chandler are addicted to Mrs. Pacman.",Gary Halvorson,8,2636
2002,8,The One Where Joey Dates Rachel,22,Phoebe gives Chandler and Monica a late wedding present: the game Ms Pac-Man. Chandler plays it all day long to be better than Monica and Phoebe. Rachel misses dressing up for romantic ...                See full summary »,David Schwimmer,8.5,2871
2002,8,The One Where Chandler Takes a Bath,22,Monica turns Chandler on to the concept of taking a bath to relax; Ross and Rachel toss baby names around while deciding whether to learn the baby's sex.,Ben Weiss,8.6,2800
2002,8,The One with the Secret Closet,22,"Chandler's very curious about a locked closet, but Monica won't tell him what is inside.",Kevin Bright,8.2,2654
2002,8,The One with the Birthing Video,22,"During Valentine's Day, Chandler discovers the miracle of birth seeing an extremely graphic video.",Kevin Bright,8.4,2643
2002,8,The One Where Joey Tells Rachel,22,"Ross freaks out when Joey tells him that he is in love with Rachel because Ross is afraid that they will get married and raise his kid together. Phoebe dates a guy called Don, who she ...                See full summary »",Ben Weiss,8.3,2698
2002,8,The One with the Tea Leaves,22,Chandler and Monica are happy together - their worst problem is his habit to put CDs in the wrong box and their different taste in music. Rachel is desperate to get back on good terms with ...                See full summary »,Gary Halvorson,8.1,2674
2002,8,The One in Massapequa,22,Everyone prepares for the Gellers' 35th wedding anniversary in Long Island; Monica struggles to prepare the perfect toast; Phoebe invites her new boyfriend Parker.,Gary Halvorson,8.2,2699
2002,8,The One with Joey's Interview,22,"Joey prepares for his epic interview with Soap Opera Digest, reminiscing about his past acting experiences, his friends and his romantic life.",Gary Halvorson,7.5,2804
2002,8,The One with the Baby Shower,22,"Monica and Phoebe throw Rachel a baby shower but forget to invite Rachel's mom. Rachel realizes she has no idea how to look after the baby after the birth. Meanwhile, Joey auditions for a job as a host for a new game show called ""Bamboozled"", and Chandler and Ross help him practice.",Kevin Bright,8.2,2699
2002,8,The One with the Cooking Class,22,"Monica's restaurant get a bad review. After confronting the critic who wrote it, she decides to join a cooking class, with Joey in tow. Rachel gets jealous when Ross hits it off with a woman at the baby department store.",Gary Halvorson,8.2,2690
2002,8,The One Where Rachel Is Late,22,Monica and Phoebe bet on when Rachel's baby will be born as the due date comes and goes as Rachel becomes extremely irritable; Chandler falls asleep at Joey's big movie premiere.,Gary Halvorson,8.3,2662
2002,8,The One Where Rachel Has a Baby: Part 1,22,"Ross and Rachel go to the hospital to have their baby, but it's a long labor. They get stuck in a semi-private room, and many other couples come and go before Rachel is ready to deliver - ...                See full summary »",Kevin Bright,8.8,2906
2002,8,The One Where Rachel Has a Baby: Part 2,22,"After Rachel gives birth to her baby, she must confront relationship issues around her.",Kevin Bright,8.9,3150
2002,9,The One Where No One Proposes,22,Rachel thinks that Joey has proposed to her. Monica and Chandler begin trying to have a baby.,Kevin Bright,8.6,2939
2002,9,The One Where Emma Cries,22,"Chandler, having trouble getting enough sleep at home, falls asleep in a meeting and accidentally agrees to run his company's Tulsa office.",Sheldon Epps,8.5,2957
2002,9,The One with the Pediatrician,22,"Joey arranges a blind date for Phoebe. Chandler is leaving for Tulsa without Monica, because she has got a great job offer.",Roger Christiansen,8.2,2733
2002,9,The One with the Sharks,22,Monica thinks Chandler is aroused by shark documentaries.,Ben Weiss,8.2,2764
2002,9,The One with Phoebe's Birthday Dinner,22,"Phoebe will celebrate her birthday by having a dinner with her friends at a fancy restaurant. But everybody is late to the dinner, due to a series of problems.",David Schwimmer,8.5,2799
2002,9,The One with the Male Nanny,22,"Looking for a new nanny, Ross and Rachel hire a male nanny named Sandy. Monica tells Chandler that a guy at work is the funniest guy she has ever met.",Kevin Bright,8.4,2961
2002,9,The One with Ross's Inappropriate Song,22,"Ross finds a way to make Emma laugh - singing ""Baby Got Back."" Meanwhile, Phoebe meets Mike's parents, and Joey and Chandler find a video tape in Richard's apartment.",Gary Halvorson,8.7,2971
2002,9,The One with Rachel's Other Sister,22,Rachel's middle sister shows up at Thanksgiving and causes arguments amongst the gang.,Kevin Bright,8.8,3273
2002,9,The One with Rachel's Phone Number,22,"Rachel is ready to start hanging out again. She and Phoebe go to a bar, where they meet two guys.",Ben Weiss,8.2,2702
2002,9,The One with Christmas in Tulsa,22,"Chandler must spend Christmas in Tulsa, which Monica thinks he might have an affair with a former Miss Oklahoma runner-up while he is there. Chandler comes home early to announce that he quit his job.",Kevin Bright,7.5,2804
2003,9,The One Where Rachel Goes Back to Work,22,"Chandler starts looking for a job and is anxious about having a baby, Rachel decides to go back to work, and Phoebe works as an extra on Joey's show.",Gary Halvorson,8,2601
2003,9,The One with Phoebe's Rats,24,Ross makes Joey stay away from their new nanny. Mike accidentally kills Phoebe's rat. Gavin gives Rachel a scarf and a kiss for her birthday.,Ben Weiss,8,2688
2003,9,The One Where Monica Sings,22,A night at Mike's piano bar gives Monica a very showy moment in the spotlight; Chandler employs his secret skill to repair Joey's botched eyebrow-waxing job.,Gary Halvorson,8.2,2685
2003,9,The One with the Blind Dates,24,Phoebe and Joey purposely set Ross and Rachel up on bad dates in the hopes they'll get back together. Monica and Chandler babysit Emma.,Gary Halvorson,8.2,2642
2003,9,The One with the Mugging,24,"Joey gets a part in a stage-play in a painful way. Ross and Phoebe are mugged outside Central Perk, Phoebe realizes that she mugged Ross 18 years ago. Chandler starts his new career as advertising writer.",Gary Halvorson,8.3,2670
2003,9,The One with the Boob Job,27,"When Monica and Chandler both ask Joey for money not wanting the other to know why they are asking for it, Chandler sees that Joey gave money to Monica. Joey makes up that Monica is getting...                See full summary »",Gary Halvorson,8.2,2588
2003,9,The One with the Memorial Service,26,"When Chandler and Ross joke around on their college website, Ross is accused of being dead which leads to the fact that he was not popular in college. Joey is not willing to give his ...                See full summary »",Gary Halvorson,8.5,2713
2003,9,The One with the Lottery,23,"Hoping to win a huge jackpot, the friends pool their money and buy dozens of lottery tickets. However, they bicker over how to spend the fortune if they win, and Monica irritates everyone else by buying tickets just for her and Chandler.",Gary Halvorson,8.6,2792
2003,9,The One with Rachel's Dream,22,"Joey is insecure now his Days of Our Lives character Dr. Drake Ramore is getting real dialog, so he asks Rachel to come along to the set, which she loves enough to get romantic dreams, but ...                See full summary »",Terry Hughes,8.1,2616
2003,9,The One with the Soap Opera Party,22,Joey throws a cast party on the roof of his building where he ends up making out with an attractive professor that Ross had a crush on.,Sheldon Epps,8.2,2615
2003,9,The One with the Fertility Test,22,"Still unable to conceive, Monica and Chandler decide to get tests done at a fertility clinic, where they run into Chandler's favorite ex, Janice. Rachel receives a gift certificate for a ...                See full summary »",Gary Halvorson,8.2,2557
2003,9,The One with the Donor,22,"When Joey hears that his girlfriend Charlie is an insecure shopper, he volunteers expert Rachel, who dreads being alone with her, so she makes sure Phoebe comes along, by saying she needs a...                See full summary »",Ben Weiss,7.8,2635
2003,9,The One in Barbados,22,"Chandler gives advice to David, but that makes David want to propose to Phoebe. Although Phoebe is still in love with Mike. Monica calls Mike who shows up there right in the middle of ...                See full summary »",Kevin Bright,8.5,2705
2003,9,The One in Barbados,22,"To the other friends' fury, it keeps raining except during Ross's speech, which to their amazement is a big hit with the paleontologists. Joey's scientific ignorance decides Charlie to turn...                See full summary »",Kevin Bright,8.6,2844
2003,10,The One After Joey and Rachel Kiss,22,Joey and Ross both attempt to come clean to each other that they're dating Rachel and Charlie. Phoebe finds out Mike has another girlfriend.,Kevin Bright,8.5,3113
2003,10,The One Where Ross Is Fine,22,Rachel and Joey fear for Ross's state of mind after he finds out about their relationship. Chandler and Monica visit some friends of Phoebe to get advice on adoption. Frank and the triplets come to visit.,Ben Weiss,8.8,3366
2003,10,The One with Ross's Tan,22,Ross goes to a tanning salon but fails to follow the 'simple' instructions. Joey and Rachel struggle to make the transition from friends to lovers. Monica and Phoebe try to avoid an annoying woman that used to live in their building.,Gary Halvorson,8.8,3277
2003,10,The One with the Cake,22,"On Emma's first birthday, Ross and Rachel convince everyone to delay their plans so they can attend her party, however plans go awry when Emma's birthday cake is revealed.",Gary Halvorson,8.3,2825
2003,10,The One Where Rachel's Sister Babysits,22,Rachel's sister Amy comes to visit and moves in with her and Joey. Phoebe constantly and accidentally ruins Mike's proposals. Joey struggles to write a letter of recommendation for Monica and Chandler's adoption agency.,Roger Christiansen,8.2,2812
2003,10,The One with Ross' Grant,22,Ross applies for a paleontology grant and finds out Charlie's ex-boyfriend reviews the applications. Monica and Rachel fight over who has to take Phoebe's ugly painting.,Ben Weiss,8.2,2853
2003,10,The One with the Home Study,22,Monica and Chandler nervously prepare for a visit from an adoption worker. Phoebe and Mike keep changing their minds about donating their wedding money to charity. Ross fights Rachel's fear of swings.,Kevin Bright,8.3,2716
2003,10,The One with the Late Thanksgiving,22,"Joey, Ross, Rachel and Phoebe convince Monica and Chandler to host Thanksgiving, however the four of them end up arriving to dinner an hour late.",Gary Halvorson,8.9,3302
2004,10,The One with the Birth Mother,22,"After Rachel confirms Joey is more mature in relationships, Phoebe presents him to another friend as date, Sarah, who fails alas to respect his primordial rule by touching food in his plate...                See full summary »",David Schwimmer,8.6,2860
2004,10,The One Where Chandler Gets Caught,22,Chandler and Monica have decided they want to raise their offspring in a suburban house and even find a perfect one in Westchester. Rachel and Phoebe see Chandler enter a car with his ...                See full summary »,Gary Halvorson,8,2748
2004,10,The One Where the Stripper Cries,22,Old secrets come to light when Ross and Chandler attend a college reunion. Monica and Rachel throw Phoebe a bachelorette party. Joey appears as a celebrity partner on a game show.,Kevin Bright,9,3684
2004,10,The One with Phoebe's Wedding,22,Chaos ensues as Phoebe and Mike prepare to get married.,Kevin Bright,8.9,3161
2004,10,The One Where Joey Speaks French,22,Phoebe tries to teach Joey to speak French for an audition; Ross and Rachel head out to Long Island after her dad has a heart attack.,Gary Halvorson,8.5,3044
2004,10,The One with Princess Consuela,22,"When Phoebe goes to get her name changed she realizes she can change it to anything she wants, so she changes it to Princess Consuela Banana Hammock, to Mike's displeasure. Chandler finds ...                See full summary »",Gary Halvorson,8.6,2989
2004,10,The One Where Estelle Dies,22,"Ross tries to get Rachel to go back to Ralph Lauren, Joey doesn't know that his agent has died, and Monica and Chandler bump into Janice.",Gary Halvorson,8.5,2771
2004,10,The One with Rachel's Going Away Party,22,"The gang throws Rachel a goodbye party, during which she says goodbye to everybody individually.",Gary Halvorson,8.9,3141
2005,10,The Last One,30,"Erica gives birth to the baby that Monica and Chandler are adopting. However, there's one small added surprise. Meanwhile, Ross and Rachel sleep together one last time before Rachel leaves ...                See full summary »",Kevin Bright,9.5,6221
2005,10,The Last One,30,"Phoebe races Ross to the airport in a bid to stop Rachel from leaving for Paris. Monica and Chandler pack up their apartment ahead of their move to their new house, and Joey buys Chandler a new chick and duck as a leaving present.",Kevin Bright,9.7,10381
2005,10,The Last One,30,"Phoebe races Ross to the airport in a bid to stop Rachel from leaving for Paris. Monica and Chandler pack up their apartment ahead of their move to their new house, and Joey buys Chandler a new chick and duck as a leaving present.",Kevin Bright,9.7,10381
2005,10,The Last One,30,"Phoebe races Ross to the airport in a bid to stop Rachel from leaving for Paris. Monica and Chandler pack up their apartment ahead of their move to their new house, and Joey buys Chandler a new chick and duck as a leaving present.",Kevin Bright,9.7,10381
2005,10,The Last One,30,"Phoebe races Ross to the airport in a bid to stop Rachel from leaving for Paris. Monica and Chandler pack up their apartment ahead of their move to their new house, and Joey buys Chandler a new chick and duck as a leaving present.",Kevin Bright,9.7,10381
2006,10,The Last One,30,"Phoebe races Ross to the airport in a bid to stop Rachel from leaving for Paris. Monica and Chandler pack up their apartment ahead of their move to their new house, and Joey buys Chandler a new chick and duck as a leaving present.",Kevin Bright,9.7,10381
2006,10,The Last One,30,"Phoebe races Ross to the airport in a bid to stop Rachel from leaving for Paris. Monica and Chandler pack up their apartment ahead of their move to their new house, and Joey buys Chandler a new chick and duck as a leaving present.",Kevin Bright,9.7,10381
2006,10,The Last One,30,"Phoebe races Ross to the airport in a bid to stop Rachel from leaving for Paris. Monica and Chandler pack up their apartment ahead of their move to their new house, and Joey buys Chandler a new chick and duck as a leaving present.",Kevin Bright,9.7,10381
2006,10,The Last One,30,"Phoebe races Ross to the airport in a bid to stop Rachel from leaving for Paris. Monica and Chandler pack up their apartment ahead of their move to their new house, and Joey buys Chandler a new chick and duck as a leaving present.",Kevin Bright,9.7,10381
2007,10,The Last One,30,"Phoebe races Ross to the airport in a bid to stop Rachel from leaving for Paris. Monica and Chandler pack up their apartment ahead of their move to their new house, and Joey buys Chandler a new chick and duck as a leaving present.",Kevin Bright,9.7,10381
2007,10,The Last One,30,"Phoebe races Ross to the airport in a bid to stop Rachel from leaving for Paris. Monica and Chandler pack up their apartment ahead of their move to their new house, and Joey buys Chandler a new chick and duck as a leaving present.",Kevin Bright,9.7,10381
2007,10,The Last One,30,"Phoebe races Ross to the airport in a bid to stop Rachel from leaving for Paris. Monica and Chandler pack up their apartment ahead of their move to their new house, and Joey buys Chandler a new chick and duck as a leaving present.",Kevin Bright,9.7,10381
2007,10,The Last One,30,"Phoebe races Ross to the airport in a bid to stop Rachel from leaving for Paris. Monica and Chandler pack up their apartment ahead of their move to their new house, and Joey buys Chandler a new chick and duck as a leaving present.",Kevin Bright,9.7,10381
2007,10,The Last One,30,"Phoebe races Ross to the airport in a bid to stop Rachel from leaving for Paris. Monica and Chandler pack up their apartment ahead of their move to their new house, and Joey buys Chandler a new chick and duck as a leaving present.",Kevin Bright,9.7,10381
2008,10,The Last One,30,"Phoebe races Ross to the airport in a bid to stop Rachel from leaving for Paris. Monica and Chandler pack up their apartment ahead of their move to their new house, and Joey buys Chandler a new chick and duck as a leaving present.",Kevin Bright,9.7,10381
2008,10,The Last One,30,"Phoebe races Ross to the airport in a bid to stop Rachel from leaving for Paris. Monica and Chandler pack up their apartment ahead of their move to their new house, and Joey buys Chandler a new chick and duck as a leaving present.",Kevin Bright,9.7,10381
2008,10,The Last One,30,"Phoebe races Ross to the airport in a bid to stop Rachel from leaving for Paris. Monica and Chandler pack up their apartment ahead of their move to their new house, and Joey buys Chandler a new chick and duck as a leaving present.",Kevin Bright,9.7,10381
2008,10,The Last One,30,"Phoebe races Ross to the airport in a bid to stop Rachel from leaving for Paris. Monica and Chandler pack up their apartment ahead of their move to their new house, and Joey buys Chandler a new chick and duck as a leaving present.",Kevin Bright,9.7,10381
2008,10,The Last One,30,"Phoebe races Ross to the airport in a bid to stop Rachel from leaving for Paris. Monica and Chandler pack up their apartment ahead of their move to their new house, and Joey buys Chandler a new chick and duck as a leaving present.",Kevin Bright,9.7,10381
2008,10,The Last One,30,"Phoebe races Ross to the airport in a bid to stop Rachel from leaving for Paris. Monica and Chandler pack up their apartment ahead of their move to their new house, and Joey buys Chandler a new chick and duck as a leaving present.",Kevin Bright,9.7,10381
2009,10,The Last One,30,"Phoebe races Ross to the airport in a bid to stop Rachel from leaving for Paris. Monica and Chandler pack up their apartment ahead of their move to their new house, and Joey buys Chandler a new chick and duck as a leaving present.",Kevin Bright,9.7,10381
2009,10,The Last One,30,"Phoebe races Ross to the airport in a bid to stop Rachel from leaving for Paris. Monica and Chandler pack up their apartment ahead of their move to their new house, and Joey buys Chandler a new chick and duck as a leaving present.",Kevin Bright,9.7,10381
2009,10,The Last One,30,"Phoebe races Ross to the airport in a bid to stop Rachel from leaving for Paris. Monica and Chandler pack up their apartment ahead of their move to their new house, and Joey buys Chandler a new chick and duck as a leaving present.",Kevin Bright,9.7,10381
2009,10,The Last One,30,"Phoebe races Ross to the airport in a bid to stop Rachel from leaving for Paris. Monica and Chandler pack up their apartment ahead of their move to their new house, and Joey buys Chandler a new chick and duck as a leaving present.",Kevin Bright,9.7,10381
2009,10,The Last One,30,"Phoebe races Ross to the airport in a bid to stop Rachel from leaving for Paris. Monica and Chandler pack up their apartment ahead of their move to their new house, and Joey buys Chandler a new chick and duck as a leaving present.",Kevin Bright,9.7,10381
2009,10,The Last One,30,"Phoebe races Ross to the airport in a bid to stop Rachel from leaving for Paris. Monica and Chandler pack up their apartment ahead of their move to their new house, and Joey buys Chandler a new chick and duck as a leaving present.",Kevin Bright,9.7,10381
2009,10,The Last One,30,"Phoebe races Ross to the airport in a bid to stop Rachel from leaving for Paris. Monica and Chandler pack up their apartment ahead of their move to their new house, and Joey buys Chandler a new chick and duck as a leaving present.",Kevin Bright,9.7,10381
2009,10,The Last One,30,"Phoebe races Ross to the airport in a bid to stop Rachel from leaving for Paris. Monica and Chandler pack up their apartment ahead of their move to their new house, and Joey buys Chandler a new chick and duck as a leaving present.",Kevin Bright,9.7,10381
2010,10,The Last One,30,"Phoebe races Ross to the airport in a bid to stop Rachel from leaving for Paris. Monica and Chandler pack up their apartment ahead of their move to their new house, and Joey buys Chandler a new chick and duck as a leaving present.",Kevin Bright,9.7,10381
2010,10,The Last One,30,"Phoebe races Ross to the airport in a bid to stop Rachel from leaving for Paris. Monica and Chandler pack up their apartment ahead of their move to their new house, and Joey buys Chandler a new chick and duck as a leaving present.",Kevin Bright,9.7,10381
2010,10,The Last One,30,"Phoebe races Ross to the airport in a bid to stop Rachel from leaving for Paris. Monica and Chandler pack up their apartment ahead of their move to their new house, and Joey buys Chandler a new chick and duck as a leaving present.",Kevin Bright,9.7,10381
2010,10,The Last One,30,"Phoebe races Ross to the airport in a bid to stop Rachel from leaving for Paris. Monica and Chandler pack up their apartment ahead of their move to their new house, and Joey buys Chandler a new chick and duck as a leaving present.",Kevin Bright,9.7,10381
2010,10,The Last One,30,"Phoebe races Ross to the airport in a bid to stop Rachel from leaving for Paris. Monica and Chandler pack up their apartment ahead of their move to their new house, and Joey buys Chandler a new chick and duck as a leaving present.",Kevin Bright,9.7,10381
2010,10,The Last One,30,"Phoebe races Ross to the airport in a bid to stop Rachel from leaving for Paris. Monica and Chandler pack up their apartment ahead of their move to their new house, and Joey buys Chandler a new chick and duck as a leaving present.",Kevin Bright,9.7,10381
2010,10,The Last One,30,"Phoebe races Ross to the airport in a bid to stop Rachel from leaving for Paris. Monica and Chandler pack up their apartment ahead of their move to their new house, and Joey buys Chandler a new chick and duck as a leaving present.",Kevin Bright,9.7,10381
2010,10,The Last One,30,"Phoebe races Ross to the airport in a bid to stop Rachel from leaving for Paris. Monica and Chandler pack up their apartment ahead of their move to their new house, and Joey buys Chandler a new chick and duck as a leaving present.",Kevin Bright,9.7,10381
2011,10,The Last One,30,"Phoebe races Ross to the airport in a bid to stop Rachel from leaving for Paris. Monica and Chandler pack up their apartment ahead of their move to their new house, and Joey buys Chandler a new chick and duck as a leaving present.",Kevin Bright,9.7,10381
2011,10,The Last One,30,"Phoebe races Ross to the airport in a bid to stop Rachel from leaving for Paris. Monica and Chandler pack up their apartment ahead of their move to their new house, and Joey buys Chandler a new chick and duck as a leaving present.",Kevin Bright,9.7,10381
2011,10,The Last One,30,"Phoebe races Ross to the airport in a bid to stop Rachel from leaving for Paris. Monica and Chandler pack up their apartment ahead of their move to their new house, and Joey buys Chandler a new chick and duck as a leaving present.",Kevin Bright,9.7,10381
2011,10,The Last One,30,"Phoebe races Ross to the airport in a bid to stop Rachel from leaving for Paris. Monica and Chandler pack up their apartment ahead of their move to their new house, and Joey buys Chandler a new chick and duck as a leaving present.",Kevin Bright,9.7,10381
2011,10,The Last One,30,"Phoebe races Ross to the airport in a bid to stop Rachel from leaving for Paris. Monica and Chandler pack up their apartment ahead of their move to their new house, and Joey buys Chandler a new chick and duck as a leaving present.",Kevin Bright,9.7,10381
2011,10,The Last One,30,"Phoebe races Ross to the airport in a bid to stop Rachel from leaving for Paris. Monica and Chandler pack up their apartment ahead of their move to their new house, and Joey buys Chandler a new chick and duck as a leaving present.",Kevin Bright,9.7,10381
2012,10,The Last One,30,"Phoebe races Ross to the airport in a bid to stop Rachel from leaving for Paris. Monica and Chandler pack up their apartment ahead of their move to their new house, and Joey buys Chandler a new chick and duck as a leaving present.",Kevin Bright,9.7,10381
2012,10,The Last One,30,"Phoebe races Ross to the airport in a bid to stop Rachel from leaving for Paris. Monica and Chandler pack up their apartment ahead of their move to their new house, and Joey buys Chandler a new chick and duck as a leaving present.",Kevin Bright,9.7,10381
2012,10,The Last One,30,"Phoebe races Ross to the airport in a bid to stop Rachel from leaving for Paris. Monica and Chandler pack up their apartment ahead of their move to their new house, and Joey buys Chandler a new chick and duck as a leaving present.",Kevin Bright,9.7,10381
2012,10,The Last One,30,"Phoebe races Ross to the airport in a bid to stop Rachel from leaving for Paris. Monica and Chandler pack up their apartment ahead of their move to their new house, and Joey buys Chandler a new chick and duck as a leaving present.",Kevin Bright,9.7,10381
2012,10,The Last One,30,"Phoebe races Ross to the airport in a bid to stop Rachel from leaving for Paris. Monica and Chandler pack up their apartment ahead of their move to their new house, and Joey buys Chandler a new chick and duck as a leaving present.",Kevin Bright,9.7,10381
2013,10,The Last One,30,"Phoebe races Ross to the airport in a bid to stop Rachel from leaving for Paris. Monica and Chandler pack up their apartment ahead of their move to their new house, and Joey buys Chandler a new chick and duck as a leaving present.",Kevin Bright,9.7,10381
2013,10,The Last One,30,"Phoebe races Ross to the airport in a bid to stop Rachel from leaving for Paris. Monica and Chandler pack up their apartment ahead of their move to their new house, and Joey buys Chandler a new chick and duck as a leaving present.",Kevin Bright,9.7,10381
2013,10,The Last One,30,"Phoebe races Ross to the airport in a bid to stop Rachel from leaving for Paris. Monica and Chandler pack up their apartment ahead of their move to their new house, and Joey buys Chandler a new chick and duck as a leaving present.",Kevin Bright,9.7,10381
2013,10,The Last One,30,"Phoebe races Ross to the airport in a bid to stop Rachel from leaving for Paris. Monica and Chandler pack up their apartment ahead of their move to their new house, and Joey buys Chandler a new chick and duck as a leaving present.",Kevin Bright,9.7,10381
2013,10,The Last One,30,"Phoebe races Ross to the airport in a bid to stop Rachel from leaving for Paris. Monica and Chandler pack up their apartment ahead of their move to their new house, and Joey buys Chandler a new chick and duck as a leaving present.",Kevin Bright,9.7,10381
2013,10,The Last One,30,"Phoebe races Ross to the airport in a bid to stop Rachel from leaving for Paris. Monica and Chandler pack up their apartment ahead of their move to their new house, and Joey buys Chandler a new chick and duck as a leaving present.",Kevin Bright,9.7,10381
2013,10,The Last One,30,"Phoebe races Ross to the airport in a bid to stop Rachel from leaving for Paris. Monica and Chandler pack up their apartment ahead of their move to their new house, and Joey buys Chandler a new chick and duck as a leaving present.",Kevin Bright,9.7,10381
2014,10,The Last One,30,"Phoebe races Ross to the airport in a bid to stop Rachel from leaving for Paris. Monica and Chandler pack up their apartment ahead of their move to their new house, and Joey buys Chandler a new chick and duck as a leaving present.",Kevin Bright,9.7,10381
2014,10,The Last One,30,"Phoebe races Ross to the airport in a bid to stop Rachel from leaving for Paris. Monica and Chandler pack up their apartment ahead of their move to their new house, and Joey buys Chandler a new chick and duck as a leaving present.",Kevin Bright,9.7,10381
2014,10,The Last One,30,"Phoebe races Ross to the airport in a bid to stop Rachel from leaving for Paris. Monica and Chandler pack up their apartment ahead of their move to their new house, and Joey buys Chandler a new chick and duck as a leaving present.",Kevin Bright,9.7,10381
2014,10,The Last One,30,"Phoebe races Ross to the airport in a bid to stop Rachel from leaving for Paris. Monica and Chandler pack up their apartment ahead of their move to their new house, and Joey buys Chandler a new chick and duck as a leaving present.",Kevin Bright,9.7,10381
2014,10,The Last One,30,"Phoebe races Ross to the airport in a bid to stop Rachel from leaving for Paris. Monica and Chandler pack up their apartment ahead of their move to their new house, and Joey buys Chandler a new chick and duck as a leaving present.",Kevin Bright,9.7,10381
2014,10,The Last One,30,"Phoebe races Ross to the airport in a bid to stop Rachel from leaving for Paris. Monica and Chandler pack up their apartment ahead of their move to their new house, and Joey buys Chandler a new chick and duck as a leaving present.",Kevin Bright,9.7,10381
2014,10,The Last One,30,"Phoebe races Ross to the airport in a bid to stop Rachel from leaving for Paris. Monica and Chandler pack up their apartment ahead of their move to their new house, and Joey buys Chandler a new chick and duck as a leaving present.",Kevin Bright,9.7,10381
2015,10,The Last One,30,"Phoebe races Ross to the airport in a bid to stop Rachel from leaving for Paris. Monica and Chandler pack up their apartment ahead of their move to their new house, and Joey buys Chandler a new chick and duck as a leaving present.",Kevin Bright,9.7,10381
2015,10,The Last One,30,"Phoebe races Ross to the airport in a bid to stop Rachel from leaving for Paris. Monica and Chandler pack up their apartment ahead of their move to their new house, and Joey buys Chandler a new chick and duck as a leaving present.",Kevin Bright,9.7,10381
2015,10,The Last One,30,"Phoebe races Ross to the airport in a bid to stop Rachel from leaving for Paris. Monica and Chandler pack up their apartment ahead of their move to their new house, and Joey buys Chandler a new chick and duck as a leaving present.",Kevin Bright,9.7,10381
2015,10,The Last One,30,"Phoebe races Ross to the airport in a bid to stop Rachel from leaving for Paris. Monica and Chandler pack up their apartment ahead of their move to their new house, and Joey buys Chandler a new chick and duck as a leaving present.",Kevin Bright,9.7,10381
2015,10,The Last One,30,"Phoebe races Ross to the airport in a bid to stop Rachel from leaving for Paris. Monica and Chandler pack up their apartment ahead of their move to their new house, and Joey buys Chandler a new chick and duck as a leaving present.",Kevin Bright,9.7,10381
2015,10,The Last One,30,"Phoebe races Ross to the airport in a bid to stop Rachel from leaving for Paris. Monica and Chandler pack up their apartment ahead of their move to their new house, and Joey buys Chandler a new chick and duck as a leaving present.",Kevin Bright,9.7,10381
2015,10,The Last One,30,"Phoebe races Ross to the airport in a bid to stop Rachel from leaving for Paris. Monica and Chandler pack up their apartment ahead of their move to their new house, and Joey buys Chandler a new chick and duck as a leaving present.",Kevin Bright,9.7,10381
2016,10,The Last One,30,"Phoebe races Ross to the airport in a bid to stop Rachel from leaving for Paris. Monica and Chandler pack up their apartment ahead of their move to their new house, and Joey buys Chandler a new chick and duck as a leaving present.",Kevin Bright,9.7,10381
2016,10,The Last One,30,"Phoebe races Ross to the airport in a bid to stop Rachel from leaving for Paris. Monica and Chandler pack up their apartment ahead of their move to their new house, and Joey buys Chandler a new chick and duck as a leaving present.",Kevin Bright,9.7,10381
2016,10,The Last One,30,"Phoebe races Ross to the airport in a bid to stop Rachel from leaving for Paris. Monica and Chandler pack up their apartment ahead of their move to their new house, and Joey buys Chandler a new chick and duck as a leaving present.",Kevin Bright,9.7,10381
2016,10,The Last One,30,"Phoebe races Ross to the airport in a bid to stop Rachel from leaving for Paris. Monica and Chandler pack up their apartment ahead of their move to their new house, and Joey buys Chandler a new chick and duck as a leaving present.",Kevin Bright,9.7,10381
2017,10,The Last One,30,"Phoebe races Ross to the airport in a bid to stop Rachel from leaving for Paris. Monica and Chandler pack up their apartment ahead of their move to their new house, and Joey buys Chandler a new chick and duck as a leaving present.",Kevin Bright,9.7,10381
2017,10,The Last One,30,"Phoebe races Ross to the airport in a bid to stop Rachel from leaving for Paris. Monica and Chandler pack up their apartment ahead of their move to their new house, and Joey buys Chandler a new chick and duck as a leaving present.",Kevin Bright,9.7,10381
2017,10,The Last One,30,"Phoebe races Ross to the airport in a bid to stop Rachel from leaving for Paris. Monica and Chandler pack up their apartment ahead of their move to their new house, and Joey buys Chandler a new chick and duck as a leaving present.",Kevin Bright,9.7,10381
2017,10,The Last One,30,"Phoebe races Ross to the airport in a bid to stop Rachel from leaving for Paris. Monica and Chandler pack up their apartment ahead of their move to their new house, and Joey buys Chandler a new chick and duck as a leaving present.",Kevin Bright,9.7,10381
2017,10,The Last One,30,"Phoebe races Ross to the airport in a bid to stop Rachel from leaving for Paris. Monica and Chandler pack up their apartment ahead of their move to their new house, and Joey buys Chandler a new chick and duck as a leaving present.",Kevin Bright,9.7,10381
2017,10,The Last One,30,"Phoebe races Ross to the airport in a bid to stop Rachel from leaving for Paris. Monica and Chandler pack up their apartment ahead of their move to their new house, and Joey buys Chandler a new chick and duck as a leaving present.",Kevin Bright,9.7,10381
2018,10,The Last One,30,"Phoebe races Ross to the airport in a bid to stop Rachel from leaving for Paris. Monica and Chandler pack up their apartment ahead of their move to their new house, and Joey buys Chandler a new chick and duck as a leaving present.",Kevin Bright,9.7,10381
2018,10,The Last One,30,"Phoebe races Ross to the airport in a bid to stop Rachel from leaving for Paris. Monica and Chandler pack up their apartment ahead of their move to their new house, and Joey buys Chandler a new chick and duck as a leaving present.",Kevin Bright,9.7,10381
2018,10,The Last One,30,"Phoebe races Ross to the airport in a bid to stop Rachel from leaving for Paris. Monica and Chandler pack up their apartment ahead of their move to their new house, and Joey buys Chandler a new chick and duck as a leaving present.",Kevin Bright,9.7,10381
2018,10,The Last One,30,"Phoebe races Ross to the airport in a bid to stop Rachel from leaving for Paris. Monica and Chandler pack up their apartment ahead of their move to their new house, and Joey buys Chandler a new chick and duck as a leaving present.",Kevin Bright,9.7,10381
2018,10,The Last One,30,"Phoebe races Ross to the airport in a bid to stop Rachel from leaving for Paris. Monica and Chandler pack up their apartment ahead of their move to their new house, and Joey buys Chandler a new chick and duck as a leaving present.",Kevin Bright,9.7,10381
2019,10,The Last One,30,"Phoebe races Ross to the airport in a bid to stop Rachel from leaving for Paris. Monica and Chandler pack up their apartment ahead of their move to their new house, and Joey buys Chandler a new chick and duck as a leaving present.",Kevin Bright,9.7,10381
2019,10,The Last One,30,"Phoebe races Ross to the airport in a bid to stop Rachel from leaving for Paris. Monica and Chandler pack up their apartment ahead of their move to their new house, and Joey buys Chandler a new chick and duck as a leaving present.",Kevin Bright,9.7,10381
2019,10,The Last One,30,"Phoebe races Ross to the airport in a bid to stop Rachel from leaving for Paris. Monica and Chandler pack up their apartment ahead of their move to their new house, and Joey buys Chandler a new chick and duck as a leaving present.",Kevin Bright,9.7,10381
2019,10,The Last One,30,"Phoebe races Ross to the airport in a bid to stop Rachel from leaving for Paris. Monica and Chandler pack up their apartment ahead of their move to their new house, and Joey buys Chandler a new chick and duck as a leaving present.",Kevin Bright,9.7,10381
2019,10,The Last One,30,"Phoebe races Ross to the airport in a bid to stop Rachel from leaving for Paris. Monica and Chandler pack up their apartment ahead of their move to their new house, and Joey buys Chandler a new chick and duck as a leaving present.",Kevin Bright,9.7,10381
2019,10,The Last One,30,"Phoebe races Ross to the airport in a bid to stop Rachel from leaving for Paris. Monica and Chandler pack up their apartment ahead of their move to their new house, and Joey buys Chandler a new chick and duck as a leaving present.",Kevin Bright,9.7,10381
2020,10,The Last One,30,"Phoebe races Ross to the airport in a bid to stop Rachel from leaving for Paris. Monica and Chandler pack up their apartment ahead of their move to their new house, and Joey buys Chandler a new chick and duck as a leaving present.",Kevin Bright,9.7,10381
2020,10,The Last One,30,"Phoebe races Ross to the airport in a bid to stop Rachel from leaving for Paris. Monica and Chandler pack up their apartment ahead of their move to their new house, and Joey buys Chandler a new chick and duck as a leaving present.",Kevin Bright,9.7,10381
2020,10,The Last One,30,"Phoebe races Ross to the airport in a bid to stop Rachel from leaving for Paris. Monica and Chandler pack up their apartment ahead of their move to their new house, and Joey buys Chandler a new chick and duck as a leaving present.",Kevin Bright,9.7,10381
2020,10,The Last One,30,"Phoebe races Ross to the airport in a bid to stop Rachel from leaving for Paris. Monica and Chandler pack up their apartment ahead of their move to their new house, and Joey buys Chandler a new chick and duck as a leaving present.",Kevin Bright,9.7,10381
2020,10,The Last One,30,"Phoebe races Ross to the airport in a bid to stop Rachel from leaving for Paris. Monica and Chandler pack up their apartment ahead of their move to their new house, and Joey buys Chandler a new chick and duck as a leaving present.",Kevin Bright,9.7,10381
2020,10,The Last One,30,"Phoebe races Ross to the airport in a bid to stop Rachel from leaving for Paris. Monica and Chandler pack up their apartment ahead of their move to their new house, and Joey buys Chandler a new chick and duck as a leaving present.",Kevin Bright,9.7,10381
2020,10,The Last One,30,"Phoebe races Ross to the airport in a bid to stop Rachel from leaving for Paris. Monica and Chandler pack up their apartment ahead of their move to their new house, and Joey buys Chandler a new chick and duck as a leaving present.",Kevin Bright,9.7,10381
2020,10,The Last One,30,"Phoebe races Ross to the airport in a bid to stop Rachel from leaving for Paris. Monica and Chandler pack up their apartment ahead of their move to their new house, and Joey buys Chandler a new chick and duck as a leaving present.",Kevin Bright,9.7,10381
2020,10,The Last One,30,"Phoebe races Ross to the airport in a bid to stop Rachel from leaving for Paris. Monica and Chandler pack up their apartment ahead of their move to their new house, and Joey buys Chandler a new chick and duck as a leaving present.",Kevin Bright,9.7,10381
2021,10,The Last One,30,"Phoebe races Ross to the airport in a bid to stop Rachel from leaving for Paris. Monica and Chandler pack up their apartment ahead of their move to their new house, and Joey buys Chandler a new chick and duck as a leaving present.",Kevin Bright,9.7,10381
2021,10,The Last One,30,"Phoebe races Ross to the airport in a bid to stop Rachel from leaving for Paris. Monica and Chandler pack up their apartment ahead of their move to their new house, and Joey buys Chandler a new chick and duck as a leaving present.",Kevin Bright,9.7,10381
2021,10,The Last One,30,"Phoebe races Ross to the airport in a bid to stop Rachel from leaving for Paris. Monica and Chandler pack up their apartment ahead of their move to their new house, and Joey buys Chandler a new chick and duck as a leaving present.",Kevin Bright,9.7,10381
2021,10,The Last One,30,"Phoebe races Ross to the airport in a bid to stop Rachel from leaving for Paris. Monica and Chandler pack up their apartment ahead of their move to their new house, and Joey buys Chandler a new chick and duck as a leaving present.",Kevin Bright,9.7,10381
2021,10,The Last One,30,"Phoebe races Ross to the airport in a bid to stop Rachel from leaving for Paris. Monica and Chandler pack up their apartment ahead of their move to their new house, and Joey buys Chandler a new chick and duck as a leaving present.",Kevin Bright,9.7,10381
2021,10,The Last One,30,"Phoebe races Ross to the airport in a bid to stop Rachel from leaving for Paris. Monica and Chandler pack up their apartment ahead of their move to their new house, and Joey buys Chandler a new chick and duck as a leaving present.",Kevin Bright,9.7,10381
2021,10,The Last One,30,"Phoebe races Ross to the airport in a bid to stop Rachel from leaving for Paris. Monica and Chandler pack up their apartment ahead of their move to their new house, and Joey buys Chandler a new chick and duck as a leaving present.",Kevin Bright,9.7,10381
2021,10,The Last One,30,"Phoebe races Ross to the airport in a bid to stop Rachel from leaving for Paris. Monica and Chandler pack up their apartment ahead of their move to their new house, and Joey buys Chandler a new chick and duck as a leaving present.",Kevin Bright,9.7,10381
2021,10,The Last One,30,"Phoebe races Ross to the airport in a bid to stop Rachel from leaving for Paris. Monica and Chandler pack up their apartment ahead of their move to their new house, and Joey buys Chandler a new chick and duck as a leaving present.",Kevin Bright,9.7,10381
2021,10,The Last One,30,"Phoebe races Ross to the airport in a bid to stop Rachel from leaving for Paris. Monica and Chandler pack up their apartment ahead of their move to their new house, and Joey buys Chandler a new chick and duck as a leaving present.",Kevin Bright,9.7,10381
2021,10,The Last One,30,"Phoebe races Ross to the airport in a bid to stop Rachel from leaving for Paris. Monica and Chandler pack up their apartment ahead of their move to their new house, and Joey buys Chandler a new chick and duck as a leaving present.",Kevin Bright,9.7,10381
2021,10,The Last One,30,"Phoebe races Ross to the airport in a bid to stop Rachel from leaving for Paris. Monica and Chandler pack up their apartment ahead of their move to their new house, and Joey buys Chandler a new chick and duck as a leaving present.",Kevin Bright,9.7,10381
2021,10,The Last One,30,"Phoebe races Ross to the airport in a bid to stop Rachel from leaving for Paris. Monica and Chandler pack up their apartment ahead of their move to their new house, and Joey buys Chandler a new chick and duck as a leaving present.",Kevin Bright,9.7,10381
2021,10,The Last One,30,"Phoebe races Ross to the airport in a bid to stop Rachel from leaving for Paris. Monica and Chandler pack up their apartment ahead of their move to their new house, and Joey buys Chandler a new chick and duck as a leaving present.",Kevin Bright,9.7,10381
2021,10,The Last One,30,"Phoebe races Ross to the airport in a bid to stop Rachel from leaving for Paris. Monica and Chandler pack up their apartment ahead of their move to their new house, and Joey buys Chandler a new chick and duck as a leaving present.",Kevin Bright,9.7,10381
2021,10,The Last One,30,"Phoebe races Ross to the airport in a bid to stop Rachel from leaving for Paris. Monica and Chandler pack up their apartment ahead of their move to their new house, and Joey buys Chandler a new chick and duck as a leaving present.",Kevin Bright,9.7,10381
2021,10,The Last One,30,"Phoebe races Ross to the airport in a bid to stop Rachel from leaving for Paris. Monica and Chandler pack up their apartment ahead of their move to their new house, and Joey buys Chandler a new chick and duck as a leaving present.",Kevin Bright,9.7,10381
2021,10,The Last One,30,"Phoebe races Ross to the airport in a bid to stop Rachel from leaving for Paris. Monica and Chandler pack up their apartment ahead of their move to their new house, and Joey buys Chandler a new chick and duck as a leaving present.",Kevin Bright,9.7,10381
2021,10,The Last One,30,"Phoebe races Ross to the airport in a bid to stop Rachel from leaving for Paris. Monica and Chandler pack up their apartment ahead of their move to their new house, and Joey buys Chandler a new chick and duck as a leaving present.",Kevin Bright,9.7,10381
2021,10,The Last One,30,"Phoebe races Ross to the airport in a bid to stop Rachel from leaving for Paris. Monica and Chandler pack up their apartment ahead of their move to their new house, and Joey buys Chandler a new chick and duck as a leaving present.",Kevin Bright,9.7,10381
2021,10,The Last One,30,"Phoebe races Ross to the airport in a bid to stop Rachel from leaving for Paris. Monica and Chandler pack up their apartment ahead of their move to their new house, and Joey buys Chandler a new chick and duck as a leaving present.",Kevin Bright,9.7,10381
2021,10,The Last One,30,"Phoebe races Ross to the airport in a bid to stop Rachel from leaving for Paris. Monica and Chandler pack up their apartment ahead of their move to their new house, and Joey buys Chandler a new chick and duck as a leaving present.",Kevin Bright,9.7,10381
2021,10,The Last One,30,"Phoebe races Ross to the airport in a bid to stop Rachel from leaving for Paris. Monica and Chandler pack up their apartment ahead of their move to their new house, and Joey buys Chandler a new chick and duck as a leaving present.",Kevin Bright,9.7,10381
2021,10,The Last One,30,"Phoebe races Ross to the airport in a bid to stop Rachel from leaving for Paris. Monica and Chandler pack up their apartment ahead of their move to their new house, and Joey buys Chandler a new chick and duck as a leaving present.",Kevin Bright,9.7,10381
2021,10,The Last One,30,"Phoebe races Ross to the airport in a bid to stop Rachel from leaving for Paris. Monica and Chandler pack up their apartment ahead of their move to their new house, and Joey buys Chandler a new chick and duck as a leaving present.",Kevin Bright,9.7,10381
2021,10,The Last One,30,"Phoebe races Ross to the airport in a bid to stop Rachel from leaving for Paris. Monica and Chandler pack up their apartment ahead of their move to their new house, and Joey buys Chandler a new chick and duck as a leaving present.",Kevin Bright,9.7,10381
2022,10,The Last One,30,"Phoebe races Ross to the airport in a bid to stop Rachel from leaving for Paris. Monica and Chandler pack up their apartment ahead of their move to their new house, and Joey buys Chandler a new chick and duck as a leaving present.",Kevin Bright,9.7,10381
2022,10,The Last One,30,"Phoebe races Ross to the airport in a bid to stop Rachel from leaving for Paris. Monica and Chandler pack up their apartment ahead of their move to their new house, and Joey buys Chandler a new chick and duck as a leaving present.",Kevin Bright,9.7,10381
2022,10,The Last One,30,"Phoebe races Ross to the airport in a bid to stop Rachel from leaving for Paris. Monica and Chandler pack up their apartment ahead of their move to their new house, and Joey buys Chandler a new chick and duck as a leaving present.",Kevin Bright,9.7,10381
2022,10,The Last One,30,"Phoebe races Ross to the airport in a bid to stop Rachel from leaving for Paris. Monica and Chandler pack up their apartment ahead of their move to their new house, and Joey buys Chandler a new chick and duck as a leaving present.",Kevin Bright,9.7,10381
2022,10,The Last One,30,"Phoebe races Ross to the airport in a bid to stop Rachel from leaving for Paris. Monica and Chandler pack up their apartment ahead of their move to their new house, and Joey buys Chandler a new chick and duck as a leaving present.",Kevin Bright,9.7,10381
2023,10,The Last One,30,"Phoebe races Ross to the airport in a bid to stop Rachel from leaving for Paris. Monica and Chandler pack up their apartment ahead of their move to their new house, and Joey buys Chandler a new chick and duck as a leaving present.",Kevin Bright,9.7,10381
2023,10,The Last One,30,"Phoebe races Ross to the airport in a bid to stop Rachel from leaving for Paris. Monica and Chandler pack up their apartment ahead of their move to their new house, and Joey buys Chandler a new chick and duck as a leaving present.",Kevin Bright,9.7,10381
2023,10,The Last One,30,"Phoebe races Ross to the airport in a bid to stop Rachel from leaving for Paris. Monica and Chandler pack up their apartment ahead of their move to their new house, and Joey buys Chandler a new chick and duck as a leaving present.",Kevin Bright,9.7,10381
2023,10,The Last One,30,"Phoebe races Ross to the airport in a bid to stop Rachel from leaving for Paris. Monica and Chandler pack up their apartment ahead of their move to their new house, and Joey buys Chandler a new chick and duck as a leaving present.",Kevin Bright,9.7,10381
2023,10,The Last One,30,"Phoebe races Ross to the airport in a bid to stop Rachel from leaving for Paris. Monica and Chandler pack up their apartment ahead of their move to their new house, and Joey buys Chandler a new chick and duck as a leaving present.",Kevin Bright,9.7,10381
2024,10,The Last One,30,"Phoebe races Ross to the airport in a bid to stop Rachel from leaving for Paris. Monica and Chandler pack up their apartment ahead of their move to their new house, and Joey buys Chandler a new chick and duck as a leaving present.",Kevin Bright,9.7,10381
2024,10,The Last One,30,"Phoebe races Ross to the airport in a bid to stop Rachel from leaving for Paris. Monica and Chandler pack up their apartment ahead of their move to their new house, and Joey buys Chandler a new chick and duck as a leaving present.",Kevin Bright,9.7,10381
2024,10,The Last One,30,"Phoebe races Ross to the airport in a bid to stop Rachel from leaving for Paris. Monica and Chandler pack up their apartment ahead of their move to their new house, and Joey buys Chandler a new chick and duck as a leaving present.",Kevin Bright,9.7,10381
2024,10,The Last One,30,"Phoebe races Ross to the airport in a bid to stop Rachel from leaving for Paris. Monica and Chandler pack up their apartment ahead of their move to their new house, and Joey buys Chandler a new chick and duck as a leaving present.",Kevin Bright,9.7,10381
2024,10,The Last One,30,"Phoebe races Ross to the airport in a bid to stop Rachel from leaving for Paris. Monica and Chandler pack up their apartment ahead of their move to their new house, and Joey buys Chandler a new chick and duck as a leaving present.",Kevin Bright,9.7,10381
2025,10,The Last One,30,"Phoebe races Ross to the airport in a bid to stop Rachel from leaving for Paris. Monica and Chandler pack up their apartment ahead of their move to their new house, and Joey buys Chandler a new chick and duck as a leaving present.",Kevin Bright,9.7,10381
2025,10,The Last One,30,"Phoebe races Ross to the airport in a bid to stop Rachel from leaving for Paris. Monica and Chandler pack up their apartment ahead of their move to their new house, and Joey buys Chandler a new chick and duck as a leaving present.",Kevin Bright,9.7,10381
2025,10,The Last One,30,"Phoebe races Ross to the airport in a bid to stop Rachel from leaving for Paris. Monica and Chandler pack up their apartment ahead of their move to their new house, and Joey buys Chandler a new chick and duck as a leaving present.",Kevin Bright,9.7,10381
2025,10,The Last One,30,"Phoebe races Ross to the airport in a bid to stop Rachel from leaving for Paris. Monica and Chandler pack up their apartment ahead of their move to their new house, and Joey buys Chandler a new chick and duck as a leaving present.",Kevin Bright,9.7,10381
2025,10,The Last One,30,"Phoebe races Ross to the airport in a bid to stop Rachel from leaving for Paris. Monica and Chandler pack up their apartment ahead of their move to their new house, and Joey buys Chandler a new chick and duck as a leaving present.",Kevin Bright,9.7,10381
2026,10,The Last One,30,"Phoebe races Ross to the airport in a bid to stop Rachel from leaving for Paris. Monica and Chandler pack up their apartment ahead of their move to their new house, and Joey buys Chandler a new chick and duck as a leaving present.",Kevin Bright,9.7,10381
2026,10,The Last One,30,"Phoebe races Ross to the airport in a bid to stop Rachel from leaving for Paris. Monica and Chandler pack up their apartment ahead of their move to their new house, and Joey buys Chandler a new chick and duck as a leaving present.",Kevin Bright,9.7,10381
2026,10,The Last One,30,"Phoebe races Ross to the airport in a bid to stop Rachel from leaving for Paris. Monica and Chandler pack up their apartment ahead of their move to their new house, and Joey buys Chandler a new chick and duck as a leaving present.",Kevin Bright,9.7,10381
2026,10,The Last One,30,"Phoebe races Ross to the airport in a bid to stop Rachel from leaving for Paris. Monica and Chandler pack up their apartment ahead of their move to their new house, and Joey buys Chandler a new chick and duck as a leaving present.",Kevin Bright,9.7,10381
2026,10,The Last One,30,"Phoebe races Ross to the airport in a bid to stop Rachel from leaving for Paris. Monica and Chandler pack up their apartment ahead of their move to their new house, and Joey buys Chandler a new chick and duck as a leaving present.",Kevin Bright,9.7,10381
2027,10,The Last One,30,"Phoebe races Ross to the airport in a bid to stop Rachel from leaving for Paris. Monica and Chandler pack up their apartment ahead of their move to their new house, and Joey buys Chandler a new chick and duck as a leaving present.",Kevin Bright,9.7,10381
2027,10,The Last One,30,"Phoebe races Ross to the airport in a bid to stop Rachel from leaving for Paris. Monica and Chandler pack up their apartment ahead of their move to their new house, and Joey buys Chandler a new chick and duck as a leaving present.",Kevin Bright,9.7,10381
2027,10,The Last One,30,"Phoebe races Ross to the airport in a bid to stop Rachel from leaving for Paris. Monica and Chandler pack up their apartment ahead of their move to their new house, and Joey buys Chandler a new chick and duck as a leaving present.",Kevin Bright,9.7,10381
2027,10,The Last One,30,"Phoebe races Ross to the airport in a bid to stop Rachel from leaving for Paris. Monica and Chandler pack up their apartment ahead of their move to their new house, and Joey buys Chandler a new chick and duck as a leaving present.",Kevin Bright,9.7,10381
2027,10,The Last One,30,"Phoebe races Ross to the airport in a bid to stop Rachel from leaving for Paris. Monica and Chandler pack up their apartment ahead of their move to their new house, and Joey buys Chandler a new chick and duck as a leaving present.",Kevin Bright,9.7,10381
2028,10,The Last One,30,"Phoebe races Ross to the airport in a bid to stop Rachel from leaving for Paris. Monica and Chandler pack up their apartment ahead of their move to their new house, and Joey buys Chandler a new chick and duck as a leaving present.",Kevin Bright,9.7,10381
2028,10,The Last One,30,"Phoebe races Ross to the airport in a bid to stop Rachel from leaving for Paris. Monica and Chandler pack up their apartment ahead of their move to their new house, and Joey buys Chandler a new chick and duck as a leaving present.",Kevin Bright,9.7,10381
2028,10,The Last One,30,"Phoebe races Ross to the airport in a bid to stop Rachel from leaving for Paris. Monica and Chandler pack up their apartment ahead of their move to their new house, and Joey buys Chandler a new chick and duck as a leaving present.",Kevin Bright,9.7,10381
